{"Bitumen":0.18777426062866565,"Total":0.6978821261036207,"Red Fabric":0.010896207105771098,"Red Metal":0.11665041335331142,"Blue Fabric":0.14060453024020622,"Green Fabric":0.1332516767891311,"Grass":0.10870503798653518}