{"Bitumen":0.11997961287769986,"Total":0.5511087041660971,"Red Fabric":0.0137068978458075,"Red Metal":0.015634923493689824,"Blue Fabric":0.014729153916701992,"Green Fabric":0.27515091552122783,"Grass":0.11190720051097008}