{"R3":{"idx":75,"SID":0.0009065905984421306,"RMSE":0.006388788245092794,"Abundance RMSE":0.06672865992925783,"θ":0.02287379834902539},"R1":{"idx":2850,"SID":0.10065365773826632,"RMSE":0.0361372057451087,"Abundance RMSE":0.06711049363508792,"θ":0.056483510155001186},"R2":{"idx":1,"SID":3.834798177700102e-5,"RMSE":0.00411285498816314,"Abundance RMSE":0.00794741585276874,"θ":0.005397661013858285},"GSM":{"σ̂":0.04924632139472682,"σ orignal":0.04933439301713592}}