{"Bitumen":0.05297351114082182,"Total":0.35639485709429497,"Red Fabric":0.009423312834739468,"Red Metal":0.11635442372186262,"Blue Fabric":0.014800670749763632,"Green Fabric":0.05827656369927029,"Grass":0.10456637494783716}