{"Bitumen":0.48812193878867055,"Total":1.2141690075609952,"Red Fabric":0.009386562823491264,"Red Metal":0.11623229712153016,"Blue Fabric":0.20741020967608612,"Green Fabric":0.3036923086662683,"Grass":0.08932569048494864}