{"Bitumen":0.5847404906208741,"Total":1.3280509169698471,"Red Fabric":0.013368327554394535,"Red Metal":0.11305708540381354,"Blue Fabric":0.2284899131366255,"Green Fabric":0.3610685078022176,"Grass":0.02732659245192201}