{"Bitumen":0.08231854412439363,"Total":0.9055056461648523,"Red Fabric":0.031215180624890027,"Red Metal":0.10288635146263844,"Blue Fabric":0.31210301817980884,"Green Fabric":0.2647084288081712,"Grass":0.11227412296495015}