{"Bitumen":0.1803770814413457,"Total":0.5995195374229543,"Red Fabric":0.012204633656275716,"Red Metal":0.11720217798505704,"Blue Fabric":0.022631289476171983,"Green Fabric":0.14457522783854165,"Grass":0.12252912702556212}