{"Bitumen":0.0582307468637232,"Total":0.30136280918137287,"Red Fabric":0.009089971224821167,"Red Metal":0.11605541435162187,"Blue Fabric":0.025856109162179074,"Green Fabric":0.059800727703426995,"Grass":0.03232983987560055}