{"Bitumen":0.18776896763502948,"Total":0.7261697287777388,"Red Fabric":0.010573406140358647,"Red Metal":0.11609758726779743,"Blue Fabric":0.18954557417314724,"Green Fabric":0.13319905862465267,"Grass":0.08898513493675328}