{"Bitumen":0.11998115503186631,"Total":0.97396005818868,"Red Fabric":0.014647809812151545,"Red Metal":0.11208845131452949,"Blue Fabric":0.22107653819992878,"Green Fabric":0.3919876988239086,"Grass":0.11417840500629531}