{"Bitumen":0.45107930076939456,"Total":1.4669221898021712,"Red Fabric":0.07991008267972635,"Red Metal":0.15403527631451558,"Blue Fabric":0.3324364368023618,"Green Fabric":0.41788768546944643,"Grass":0.03157340776672635}