{"Bitumen":0.02811029206585546,"Total":0.7824995367027514,"Red Fabric":0.010157105397686314,"Red Metal":0.11878880007445396,"Blue Fabric":0.19328676458667735,"Green Fabric":0.3135129580867212,"Grass":0.11864361649135713}