{"Bitumen":0.028743817382159562,"Total":0.8130149854401949,"Red Fabric":0.00793100131785509,"Red Metal":0.11531799568893661,"Blue Fabric":0.23451820318821565,"Green Fabric":0.30846591206038426,"Grass":0.11803805580264366}